id,sequence,source,family,reference,hemolytic_risk_note
REF-MAG-001,GIGKFLHSAKKFGKAFVGEIMNS,published_literature,magainin,Zasloff_1987_PNAS,low
REF-MAG-002,GIGKFLHSAGKFGKAFVGEIMKS,published_literature,magainin,Zasloff_1987_PNAS,low
REF-MAG-003,GIGKFLHSAKKFGKAFVGQIMNS,published_literature,magainin_analog,Chen_1988,low
REF-PEX-001,GIGKFLKKAKKFGKAFVKILKK,published_literature,pexiganan_analog,Ge_1999_Antimicrob,low
REF-BUF-001,TRSSRAGLQFPVGRVHRLLRK,published_literature,buforin,Kim_1996_Eur_J_Biochem,low
REF-BUF-002,RAGLQFPVGRVHRLLRK,published_literature,buforin_ii,Park_2000_J_Biol_Chem,low
REF-IND-001,ILPWKWPWWPWRR,published_literature,indolicidin,Selsted_1992_J_Biol_Chem,moderate
REF-IND-002,ILPWKWPWWPWRRRR,published_literature,indolicidin_analog,Falla_1996_J_Biol_Chem,moderate
REF-TMP-001,FLPLIGRVLSGIL,published_literature,temporin_a,Mangoni_2001_FEBS,low
REF-TMP-002,FVQWFSKFLGRIL,published_literature,temporin_l,Mangoni_2001_FEBS,low
REF-TMP-003,LLPIVGNLLKSLL,published_literature,temporin_b,Simmaco_1996_Eur_J_Biochem,low
REF-TMP-004,FLPLLAGLAANFLPKIF,published_literature,brevinin_like,Conlon_2004_Peptides,moderate
REF-AUR-001,GLFDIIKKIAESF,published_literature,aurein_1,Rozek_2000_Eur_J_Biochem,low
REF-AUR-002,GLFDIVKKVVGALGSL,published_literature,aurein_2,Rozek_2000_Eur_J_Biochem,low
REF-AUR-003,GLFDIIKKIAGSFS,published_literature,aurein_3,Rozek_2000_Eur_J_Biochem,low
REF-ESC-001,GIFSKLAGKKIKNLLISGLKG,published_literature,esculentin_fragment,Simmaco_1993_J_Biol_Chem,low
REF-UPR-001,GVGDLIRKAIASVAGKELG,published_literature,uperin,Jackway_2008_Peptides,low
REF-BOM-001,IIGPVLGLVGSALGGLLKKI,published_literature,bombinin_h,Halverson_1990,moderate
REF-MAC-001,GLFGVLAKVAAHVVPAIAEHF,published_literature,maculatin,Chia_2000_Eur_J_Biochem,low
REF-CAE-001,GLLSVLGSVAKHVLPHVVPVIAEH,published_literature,caerin,Rozek_2000_Biochemistry,low
REF-RRW-001,RRWQWRMKKLG,published_literature,tachyplesin_like,Tam_2002_J_Biol_Chem,moderate
REF-CEC-001,KWKLFKKIEKVGQNIRDGIIKAGPAV,published_literature,cecropin_a_fragment,Steiner_1981_PNAS,low
REF-CEC-002,KWKIFKKIEKVGRNVRDGIIKAGP,published_literature,cecropin_b_fragment,Hultmark_1980_Eur_J_Biochem,low
REF-MEL-001,GIGAVLKVLTTGLPALISWIKRKRQQ,published_literature,melittin,Habermann_1972,high
REF-KWK-001,KWKLFKKIGAVLKVL,published_literature,template_seed_1,Oren_1997_Biochemistry,low
REF-MAG-004,KKLKKFGLRIINKIVAAL,published_literature,magainin_helix,Wieprecht_1997,low
REF-BMA-001,GRFKRFRKKFKKLFKKLSP,published_literature,bmap_fragment,Skerlavaj_1999,moderate
REF-LLL-001,LLRWPWWPWRRK,published_literature,omiganan_analog,Sader_2004,moderate
REF-TAC-001,KWKKLFKKI,published_literature,cecropin_core,Andrieu_1996,low
REF-GRM-001,GRMKKVFFKSLRQH,published_literature,gramicidin_s_like,Fontenot_1993,moderate
REF-SMA-001,SMKQLAHKLKSEKLELSDREQMR,published_literature,smap_fragment,Tossi_2000,low
REF-HLP-001,HLPKHFKAFVARLIRNAMSN,published_literature,hlp_fragment,Hiemstra_1993,low
REF-FKK-001,FKKLKKSLKL,published_literature,klaklak_analog,Javadpour_1996,low
REF-KAA-001,KAAAKAAAKAAAK,published_literature,ala_lys_repeat,Braunstein_2004,low
REF-GKK-001,GKKLFSKLKK,published_literature,cecropin_melittin_analog,Gazit_1994,low
REF-RLK-001,RLKKVWKKWKK,published_literature,cationic_tryptophan,Parisien_2008,moderate
REF-ALA-001,ALWKTMLKKLGTMALHAGKAALGAAADTISQGTQ,published_literature,dermaseptin_s3_fragment,Mor_1994_Biochemistry,low
REF-ILK-001,ILKKWPWWPWRRK,published_literature,indolicidin_lys_analog,Lawyer_1996,moderate
REF-VRG-001,VRGRPIPICSRGGYCFCLPFLPGACHRPSGMC,published_literature,defensin_like_linear,skipped_disulfide,not_applicable
REF-PLA-001,KKVVFKVKFK,published_literature,short_cationic,Lee_2004,low
REF-GKA-001,GKAFVGEIMNS,published_literature,magainin_c_fragment,Westerhoff_1989,low
REF-WKL-001,WKLFKKIGAVLKVL,published_literature,magainin_analog,Dathe_1997,low
REF-KFL-001,KFLHSAKKFGKAFV,published_literature,magainin_core,Maloy_1995,low
REF-LL37-001,KRIVQRIKDFLR,published_literature,cathelicidin_ll37_fragment,Wang_2014_J_Biol_Chem,low
REF-LL37-002,FKRIVQRIKDFL,published_literature,cathelicidin_ll37_fragment,Zhu_2006_J_Biol_Chem,low
REF-LL37-003,FKRIVQRIKDFLRNLV,published_literature,cathelicidin_ll37_fragment,Kuo_2015_Peptides,low
REF-LL37-004,LLGDFFRKSKEKIGKEFL,published_literature,cathelicidin_ll37_nterm,Wang_2014_J_Biol_Chem,low
REF-TRP-001,VRRFPWWWPFLRR,published_literature,tryptophan_rich_cathelicidin,Frank_1990_BBRC,moderate
REF-HIS-001,DSHAKRHHGYKRKFHEKHHSHRGY,published_literature,histatin,Oppenheim_1988_J_Dent_Res,low
REF-HIS-002,KRKFHEKHHSHRGY,published_literature,histatin_fragment,Xu_1991_J_Biol_Chem,low
REF-CLV-001,VFQFLGKIIHHVGNFVHGFSHVF,published_literature,clavanin,Lee_1997_FEBS_Lett,low
REF-API-001,GNRPVYIPQPRPPHPR,published_literature,apidaecin,Casteels_1989_EMBO_J,low
REF-ONC-001,VDKPPYLPRPRPPRRIYNR,published_literature,proline_rich_oncocin,Kragol_2001_Biochemistry,low
REF-PYR-001,VDKGSYLPRPTPPRPIYNRN,published_literature,pyrrhocoricin,Otvos_2000_J_Peptide_Sci,low
REF-ENG-001,RRWVRRVRRWVRRVVRVVRRWVRR,published_literature,engineered_wr_peptide,Deslouches_2005_AAC,moderate
REF-PLC-001,GWGSFFKPAHKAMSVGKHF,published_literature,pleurocidin,Cole_1997_J_Biol_Chem,low
REF-PIS-001,FIKHEIVGWMSKFLKWM,published_literature,piscidin,Cole_1997_J_Biol_Chem,moderate
REF-DER-001,GLWSKIKAAGKAALNAINNLF,published_literature,dermaseptin_b,Papo_2002_J_Biol_Chem,low
REF-DER-002,ALWKNMLKGIGKLAGKAALGAVKKLVGAES,published_literature,dermaseptin_s3,Mor_1994_Biochemistry,low
REF-PHY-001,FLSLIPHAINAVSAIAKHF,published_literature,phylloseptin,Leite_2005_Biochemistry,low
REF-MAX-001,ILGPVLGLVSDTLDDVLGIL,published_literature,maximin_h5,Wang_2004_Peptides,moderate
REF-SCO-001,ILGKIWEGIKSLF,published_literature,scorpion_isct,Dai_2002_Peptides,low
REF-CEC-003,SWLSKTAKKLENSAK,published_literature,cecropin_p1,Lee_1989_Biochemistry,low
REF-AUR-004,GLFDIVKKVIGVGL,published_literature,aurein_4,Jackway_2008_J_Proteome_Res,low
REF-BMA-002,GRFKRFRKKFKKLFKKLSPVIPLLHLG,published_literature,bmap_27_full,Skerlavaj_1999_J_Immunol,moderate
REF-BMA-003,GGLRSLGRKILRAWKKYGPIIVPIIRI,published_literature,bmap_28,Skerlavaj_1999_J_Immunol,moderate
REF-MUR-001,GLLRKGGEKIGEKLKKIG,published_literature,murine_cramp_fragment,Gallo_1997_PNAS,low
REF-BP1-001,KKLFKKILKYL,published_literature,bp100_designed,Monroc_2006_Peptides,low
REF-OMI-001,ILRWPWWPWRRK,published_literature,omiganan,Sader_2004_Antimicrob_Chemother,moderate
REF-MSI-001,GIGAFLKEFLHSAKKFGKAFVGEIMKS,published_literature,msi_594,Oren_1999_Biochemistry,low
REF-CHI-001,KWKLFKKIGAVLKVLTTGLPALIS,published_literature,cm15_chimera,Andreu_1992_Biochemistry,moderate
REF-ESC-002,GIFSKLAGKLLESAKKVGQN,published_literature,esculentin_1a_fragment,Simmaco_1993_J_Biol_Chem,low
