id,sequence,source
SEED-001_VAR_001,HWKFFKKIGAVLKVL,template_mutation_from_SEED-001
SEED-001_VAR_002,HWKLFKKIGAVLKVL,template_mutation_from_SEED-001
SEED-001_VAR_003,HWKLFKKIGAVLKVM,template_mutation_from_SEED-001
SEED-001_VAR_004,KFKLFHKIGAVLKVL,template_mutation_from_SEED-001
SEED-001_VAR_005,KFKLFKKIGAALKVL,template_mutation_from_SEED-001
SEED-001_VAR_006,KFKLFKKIGAVIKVL,template_mutation_from_SEED-001
SEED-001_VAR_007,KFKLFKKIGAVLKVL,template_mutation_from_SEED-001
SEED-001_VAR_008,KFKLFKKIGAVMKVL,template_mutation_from_SEED-001
SEED-001_VAR_009,KWHLFKKIGAVLKVL,template_mutation_from_SEED-001
SEED-001_VAR_010,KWKAFKKIGAVLKVL,template_mutation_from_SEED-001
SEED-001_VAR_011,KWKFFKKIGAVIKVL,template_mutation_from_SEED-001
SEED-001_VAR_012,KWKFFKKIGAVLKVL,template_mutation_from_SEED-001
SEED-001_VAR_013,KWKFFKKIGMVLKVL,template_mutation_from_SEED-001
SEED-001_VAR_014,KWKIFKKIGAVLKVL,template_mutation_from_SEED-001
SEED-001_VAR_015,KWKIFKKIPAVLKVL,template_mutation_from_SEED-001
SEED-001_VAR_016,KWKLAKKIGAVLKVL,template_mutation_from_SEED-001
SEED-001_VAR_017,KWKLFHKFGAVLKVL,template_mutation_from_SEED-001
SEED-001_VAR_018,KWKLFHKIGAVLKVL,template_mutation_from_SEED-001
SEED-001_VAR_019,KWKLFHKIGAVLKVV,template_mutation_from_SEED-001
SEED-001_VAR_020,KWKLFHKLGAVLKVL,template_mutation_from_SEED-001
SEED-001_VAR_021,KWKLFHRIGAVLKVL,template_mutation_from_SEED-001
SEED-001_VAR_022,KWKLFKHIGAVLKVL,template_mutation_from_SEED-001
SEED-001_VAR_023,KWKLFKHIPAVLKVL,template_mutation_from_SEED-001
SEED-001_VAR_024,KWKLFKKAGAVLKVL,template_mutation_from_SEED-001
SEED-001_VAR_025,KWKLFKKFGAVLKFL,template_mutation_from_SEED-001
SEED-001_VAR_026,KWKLFKKFGAVLKVL,template_mutation_from_SEED-001
SEED-001_VAR_027,KWKLFKKIGAALKVL,template_mutation_from_SEED-001
SEED-001_VAR_028,KWKLFKKIGAFLKVL,template_mutation_from_SEED-001
SEED-001_VAR_029,KWKLFKKIGAILKVL,template_mutation_from_SEED-001
SEED-001_VAR_030,KWKLFKKIGALLKVL,template_mutation_from_SEED-001
SEED-001_VAR_031,KWKLFKKIGAMLKVL,template_mutation_from_SEED-001
SEED-001_VAR_032,KWKLFKKIGAVAKVL,template_mutation_from_SEED-001
SEED-001_VAR_033,KWKLFKKIGAVFKVL,template_mutation_from_SEED-001
SEED-001_VAR_034,KWKLFKKIGAVIKVL,template_mutation_from_SEED-001
SEED-001_VAR_035,KWKLFKKIGAVLHVL,template_mutation_from_SEED-001
SEED-001_VAR_036,KWKLFKKIGAVLKAL,template_mutation_from_SEED-001
SEED-001_VAR_037,KWKLFKKIGAVLKFL,template_mutation_from_SEED-001
SEED-001_VAR_038,KWKLFKKIGAVLKIL,template_mutation_from_SEED-001
SEED-001_VAR_039,KWKLFKKIGAVLKLL,template_mutation_from_SEED-001
SEED-001_VAR_040,KWKLFKKIGAVLKML,template_mutation_from_SEED-001
SEED-001_VAR_041,KWKLFKKIGAVLKVA,template_mutation_from_SEED-001
SEED-001_VAR_042,KWKLFKKIGAVLKVF,template_mutation_from_SEED-001
SEED-001_VAR_043,KWKLFKKIGAVLKVI,template_mutation_from_SEED-001
SEED-001_VAR_044,KWKLFKKIGAVLKVM,template_mutation_from_SEED-001
SEED-001_VAR_045,KWKLFKKIGAVLKVV,template_mutation_from_SEED-001
SEED-001_VAR_046,KWKLFKKIGAVLRVL,template_mutation_from_SEED-001
SEED-001_VAR_047,KWKLFKKIGAVMKVL,template_mutation_from_SEED-001
SEED-001_VAR_048,KWKLFKKIGAVVKVF,template_mutation_from_SEED-001
SEED-001_VAR_049,KWKLFKKIGAVVKVL,template_mutation_from_SEED-001
SEED-001_VAR_050,KWKLFKKIGFVLKVL,template_mutation_from_SEED-001
SEED-001_VAR_051,KWKLFKKIGIVLKVL,template_mutation_from_SEED-001
SEED-001_VAR_052,KWKLFKKIGLVLKVL,template_mutation_from_SEED-001
SEED-001_VAR_053,KWKLFKKIGMVLKVL,template_mutation_from_SEED-001
SEED-001_VAR_054,KWKLFKKIGVVLKVL,template_mutation_from_SEED-001
SEED-001_VAR_055,KWKLFKKIGVVLRVL,template_mutation_from_SEED-001
SEED-001_VAR_056,KWKLFKKIPAVLKVL,template_mutation_from_SEED-001
SEED-001_VAR_057,KWKLFKKIPAVVKVL,template_mutation_from_SEED-001
SEED-001_VAR_058,KWKLFKKLGAVLKVL,template_mutation_from_SEED-001
SEED-001_VAR_059,KWKLFKKMGAVLKVL,template_mutation_from_SEED-001
SEED-001_VAR_060,KWKLFKKVGAVLKVL,template_mutation_from_SEED-001
SEED-001_VAR_061,KWKLFKRIGAVLKVL,template_mutation_from_SEED-001
SEED-001_VAR_062,KWKLFKRIGLVLKVL,template_mutation_from_SEED-001
SEED-001_VAR_063,KWKLFRKIGAVLKVL,template_mutation_from_SEED-001
SEED-001_VAR_064,KWKLFRKIGAVLRVL,template_mutation_from_SEED-001
SEED-001_VAR_065,KWKLFRRIGAVLKVL,template_mutation_from_SEED-001
SEED-001_VAR_066,KWKLIKKIGAVLKVL,template_mutation_from_SEED-001
SEED-001_VAR_067,KWKLLKKIGAVLKML,template_mutation_from_SEED-001
SEED-001_VAR_068,KWKLLKKIGAVLKVL,template_mutation_from_SEED-001
SEED-001_VAR_069,KWKLMKKIGAVLKVL,template_mutation_from_SEED-001
SEED-001_VAR_070,KWKLVKKIGAVLKVL,template_mutation_from_SEED-001
SEED-001_VAR_071,KWKMFKKIGAVLKAL,template_mutation_from_SEED-001
SEED-001_VAR_072,KWKMFKKIGAVLKVI,template_mutation_from_SEED-001
SEED-001_VAR_073,KWKMFKKIGAVLKVL,template_mutation_from_SEED-001
SEED-001_VAR_074,KWKVFKKIGAVLKVL,template_mutation_from_SEED-001
SEED-001_VAR_075,KWRLFKKIGAVLKVL,template_mutation_from_SEED-001
SEED-001_VAR_076,KWRLFKKVGAVLKVL,template_mutation_from_SEED-001
SEED-001_VAR_077,KYKLFKKIGAVLKVL,template_mutation_from_SEED-001
SEED-001_VAR_078,RWKLFKKIGAVLKVL,template_mutation_from_SEED-001
SEED-002_VAR_001,GAGKFLHSAKKFGKAFVGEIMNS,template_mutation_from_SEED-002
SEED-002_VAR_002,GFGKFLHSAKKFGKAFVGEIMNS,template_mutation_from_SEED-002
SEED-002_VAR_003,GIGHFLHSAKKFGKAFVGEIMNS,template_mutation_from_SEED-002
SEED-002_VAR_004,GIGKALHSAKKFGKAFVGEIMNS,template_mutation_from_SEED-002
SEED-002_VAR_005,GIGKFAHSAKKFGKAFVGEIMNS,template_mutation_from_SEED-002
SEED-002_VAR_006,GIGKFFHSAKKFGKAFVGEIMNS,template_mutation_from_SEED-002
SEED-002_VAR_007,GIGKFIHSAKKFGKAFVGEIMNS,template_mutation_from_SEED-002
SEED-002_VAR_008,GIGKFIHSAKKFGKAVVGEIMNS,template_mutation_from_SEED-002
SEED-002_VAR_009,GIGKFLHNAKKFGKAFVGEIMNQ,template_mutation_from_SEED-002
SEED-002_VAR_010,GIGKFLHNAKKFGKAFVGEIMNS,template_mutation_from_SEED-002
SEED-002_VAR_011,GIGKFLHQAKKFGKAFVGEIMNS,template_mutation_from_SEED-002
SEED-002_VAR_012,GIGKFLHRAKKFGKAFVGEIMNS,template_mutation_from_SEED-002
SEED-002_VAR_013,GIGKFLHSAHKFGKAFVGEIMNS,template_mutation_from_SEED-002
SEED-002_VAR_014,GIGKFLHSAKHFGKAFVGDIMNS,template_mutation_from_SEED-002
SEED-002_VAR_015,GIGKFLHSAKHFGKAFVGEIFNS,template_mutation_from_SEED-002
SEED-002_VAR_016,GIGKFLHSAKHFGKAFVGEIMNS,template_mutation_from_SEED-002
SEED-002_VAR_017,GIGKFLHSAKHLGKAFVGEIMNS,template_mutation_from_SEED-002
SEED-002_VAR_018,GIGKFLHSAKKAGKAFVGEIMNS,template_mutation_from_SEED-002
SEED-002_VAR_019,GIGKFLHSAKKFGHAFVGEIMNS,template_mutation_from_SEED-002
SEED-002_VAR_020,GIGKFLHSAKKFGHAFVGEIMNT,template_mutation_from_SEED-002
SEED-002_VAR_021,GIGKFLHSAKKFGKAAVGEIMNS,template_mutation_from_SEED-002
SEED-002_VAR_022,GIGKFLHSAKKFGKAFAGEIMNS,template_mutation_from_SEED-002
SEED-002_VAR_023,GIGKFLHSAKKFGKAFFGEIMNS,template_mutation_from_SEED-002
SEED-002_VAR_024,GIGKFLHSAKKFGKAFFGELMNS,template_mutation_from_SEED-002
SEED-002_VAR_025,GIGKFLHSAKKFGKAFIGEIMNS,template_mutation_from_SEED-002
SEED-002_VAR_026,GIGKFLHSAKKFGKAFLGEIMNS,template_mutation_from_SEED-002
SEED-002_VAR_027,GIGKFLHSAKKFGKAFMGEIMNS,template_mutation_from_SEED-002
SEED-002_VAR_028,GIGKFLHSAKKFGKAFVGDIMNS,template_mutation_from_SEED-002
SEED-002_VAR_029,GIGKFLHSAKKFGKAFVGEAMNS,template_mutation_from_SEED-002
SEED-002_VAR_030,GIGKFLHSAKKFGKAFVGEFMNS,template_mutation_from_SEED-002
SEED-002_VAR_031,GIGKFLHSAKKFGKAFVGEIANS,template_mutation_from_SEED-002
SEED-002_VAR_032,GIGKFLHSAKKFGKAFVGEIFNS,template_mutation_from_SEED-002
SEED-002_VAR_033,GIGKFLHSAKKFGKAFVGEIINS,template_mutation_from_SEED-002
SEED-002_VAR_034,GIGKFLHSAKKFGKAFVGEILNS,template_mutation_from_SEED-002
SEED-002_VAR_035,GIGKFLHSAKKFGKAFVGEIMKS,template_mutation_from_SEED-002
SEED-002_VAR_036,GIGKFLHSAKKFGKAFVGEIMNN,template_mutation_from_SEED-002
SEED-002_VAR_037,GIGKFLHSAKKFGKAFVGEIMNQ,template_mutation_from_SEED-002
SEED-002_VAR_038,GIGKFLHSAKKFGKAFVGEIMNR,template_mutation_from_SEED-002
SEED-002_VAR_039,GIGKFLHSAKKFGKAFVGEIMNT,template_mutation_from_SEED-002
SEED-002_VAR_040,GIGKFLHSAKKFGKAFVGEIMQQ,template_mutation_from_SEED-002
SEED-002_VAR_041,GIGKFLHSAKKFGKAFVGEIMQS,template_mutation_from_SEED-002
SEED-002_VAR_042,GIGKFLHSAKKFGKAFVGEIMSS,template_mutation_from_SEED-002
SEED-002_VAR_043,GIGKFLHSAKKFGKAFVGEIMTS,template_mutation_from_SEED-002
SEED-002_VAR_044,GIGKFLHSAKKFGKAFVGEIVNS,template_mutation_from_SEED-002
SEED-002_VAR_045,GIGKFLHSAKKFGKAFVGELMNS,template_mutation_from_SEED-002
SEED-002_VAR_046,GIGKFLHSAKKFGKAFVGEMMNS,template_mutation_from_SEED-002
SEED-002_VAR_047,GIGKFLHSAKKFGKAFVGEVMNS,template_mutation_from_SEED-002
SEED-002_VAR_048,GIGKFLHSAKKFGKAFVPEIMNS,template_mutation_from_SEED-002
SEED-002_VAR_049,GIGKFLHSAKKFGKAFVPEIMNT,template_mutation_from_SEED-002
SEED-002_VAR_050,GIGKFLHSAKKFGKAIVGEIMNS,template_mutation_from_SEED-002
SEED-002_VAR_051,GIGKFLHSAKKFGKALVGEIMNS,template_mutation_from_SEED-002
SEED-002_VAR_052,GIGKFLHSAKKFGKAMLGEIMNS,template_mutation_from_SEED-002
SEED-002_VAR_053,GIGKFLHSAKKFGKAMVGEIINS,template_mutation_from_SEED-002
SEED-002_VAR_054,GIGKFLHSAKKFGKAMVGEIMNS,template_mutation_from_SEED-002
SEED-002_VAR_055,GIGKFLHSAKKFGKAVVGEIMNS,template_mutation_from_SEED-002
SEED-002_VAR_056,GIGKFLHSAKKFGKFFVGEIMNS,template_mutation_from_SEED-002
SEED-002_VAR_057,GIGKFLHSAKKFGKIFVGEIMNS,template_mutation_from_SEED-002
SEED-002_VAR_058,GIGKFLHSAKKFGKLFVGEIMNS,template_mutation_from_SEED-002
SEED-002_VAR_059,GIGKFLHSAKKFGKLFVGEIMNT,template_mutation_from_SEED-002
SEED-002_VAR_060,GIGKFLHSAKKFGKMFVGEIMNS,template_mutation_from_SEED-002
SEED-002_VAR_061,GIGKFLHSAKKFGKVFVGEIMNS,template_mutation_from_SEED-002
SEED-002_VAR_062,GIGKFLHSAKKFGRAFVGEIMNS,template_mutation_from_SEED-002
SEED-002_VAR_063,GIGKFLHSAKKFPKAFVGEIMNS,template_mutation_from_SEED-002
SEED-002_VAR_064,GIGKFLHSAKKIGKAFVGEIMNS,template_mutation_from_SEED-002
SEED-002_VAR_065,GIGKFLHSAKKIGKIFVGEIMNS,template_mutation_from_SEED-002
SEED-002_VAR_066,GIGKFLHSAKKLGKAFVGEIMNS,template_mutation_from_SEED-002
SEED-002_VAR_067,GIGKFLHSAKKMGKAFVGEILNS,template_mutation_from_SEED-002
SEED-002_VAR_068,GIGKFLHSAKKMGKAFVGEIMNS,template_mutation_from_SEED-002
SEED-002_VAR_069,GIGKFLHSAKKVGKAFVGEIMNS,template_mutation_from_SEED-002
SEED-002_VAR_070,GIGKFLHSAKKVGKAIVGEIMNS,template_mutation_from_SEED-002
SEED-002_VAR_071,GIGKFLHSAKRFGKAFVGEIMNN,template_mutation_from_SEED-002
SEED-002_VAR_072,GIGKFLHSAKRFGKAFVGEIMNS,template_mutation_from_SEED-002
SEED-002_VAR_073,GIGKFLHSARKFGKAFVGEIMNS,template_mutation_from_SEED-002
SEED-002_VAR_074,GIGKFLHSFKKFGKAFVGEIMNS,template_mutation_from_SEED-002
SEED-002_VAR_075,GIGKFLHSIKKFGKAFVGEIMNS,template_mutation_from_SEED-002
SEED-002_VAR_076,GIGKFLHSLKKFGKAFVGEIMNS,template_mutation_from_SEED-002
SEED-002_VAR_077,GIGKFLHSMKKFGKAFVGEIMNS,template_mutation_from_SEED-002
SEED-002_VAR_078,GIGKFLHSVKKFGKAFVGEIMNS,template_mutation_from_SEED-002
SEED-002_VAR_079,GIGKFLHSVKKFPKAFVGEIMNS,template_mutation_from_SEED-002
SEED-002_VAR_080,GIGKFLHTAKKFGKAFVGEIMNS,template_mutation_from_SEED-002
SEED-002_VAR_081,GIGKFLKNAKKFGKAFVGEIMNS,template_mutation_from_SEED-002
SEED-002_VAR_082,GIGKFLKSAKKFGKAFVGDIMNS,template_mutation_from_SEED-002
SEED-002_VAR_083,GIGKFLKSAKKFGKAFVGEIMNS,template_mutation_from_SEED-002
SEED-002_VAR_084,GIGKFLKSAKKFGKAFVPEIMNS,template_mutation_from_SEED-002
SEED-002_VAR_085,GIGKFLRSAKKFGHAFVGEIMNS,template_mutation_from_SEED-002
SEED-002_VAR_086,GIGKFLRSAKKFGKAFVGEIMNS,template_mutation_from_SEED-002
SEED-002_VAR_087,GIGKFMHSAKKFGKAFVGEIMNS,template_mutation_from_SEED-002
SEED-002_VAR_088,GIGKFVHSAKKFGKAFVGEIMNS,template_mutation_from_SEED-002
SEED-002_VAR_089,GIGKILHSAKKFGKAFVGEIMNS,template_mutation_from_SEED-002
SEED-002_VAR_090,GIGKLLHSAKKFGKAFVGEIMNS,template_mutation_from_SEED-002
SEED-002_VAR_091,GIGKMLHSAKKFGKAFVGEIMNS,template_mutation_from_SEED-002
SEED-002_VAR_092,GIGKVLHSAKKFGKAFVGEIMNS,template_mutation_from_SEED-002
SEED-002_VAR_093,GIGRFLHSAKKFGKAFVGEIMNS,template_mutation_from_SEED-002
SEED-002_VAR_094,GIGRMLHSAKKFGKAFVGEIMNS,template_mutation_from_SEED-002
SEED-002_VAR_095,GIPKFLHSAKKFGKAFVGEIMNS,template_mutation_from_SEED-002
SEED-002_VAR_096,GIPKFLKSAKKFGKAFVGEIMNS,template_mutation_from_SEED-002
SEED-002_VAR_097,GLGKFLHSAKKFGKAFVGEIMNS,template_mutation_from_SEED-002
SEED-002_VAR_098,GMGKFLHSAKKFGKAFVGEIMNS,template_mutation_from_SEED-002
SEED-002_VAR_099,GVGKFLHSAKKFGKAFVGEIMNS,template_mutation_from_SEED-002
SEED-002_VAR_100,PIGKFFHSAKKFGKAFVGEIMNS,template_mutation_from_SEED-002
SEED-002_VAR_101,PIGKFLHSAKKFGKAFVGEIMNS,template_mutation_from_SEED-002
SEED-002_VAR_102,PIGKFLHSVKKFGKAFVGEIMNS,template_mutation_from_SEED-002
SEED-003_VAR_001,HRWQWRMKKLG,template_mutation_from_SEED-003
SEED-003_VAR_002,HRWTWRMKKLG,template_mutation_from_SEED-003
SEED-003_VAR_003,KRWQWRIKKLG,template_mutation_from_SEED-003
SEED-003_VAR_004,KRWQWRMKKLG,template_mutation_from_SEED-003
SEED-003_VAR_005,KRWQYRMKKLG,template_mutation_from_SEED-003
SEED-003_VAR_006,RHFQWRMKKLG,template_mutation_from_SEED-003
SEED-003_VAR_007,RHWQWRMKKIG,template_mutation_from_SEED-003
SEED-003_VAR_008,RHWQWRMKKLG,template_mutation_from_SEED-003
SEED-003_VAR_009,RKWNWRMKKLG,template_mutation_from_SEED-003
SEED-003_VAR_010,RKWQWRMHKLG,template_mutation_from_SEED-003
SEED-003_VAR_011,RKWQWRMKKLG,template_mutation_from_SEED-003
SEED-003_VAR_012,RKWQYRMKKLG,template_mutation_from_SEED-003
SEED-003_VAR_013,RRFQWRMKKLG,template_mutation_from_SEED-003
SEED-003_VAR_014,RRFQWRMRKLG,template_mutation_from_SEED-003
SEED-003_VAR_015,RRWNWRMKKLG,template_mutation_from_SEED-003
SEED-003_VAR_016,RRWNWRMKKMG,template_mutation_from_SEED-003
SEED-003_VAR_017,RRWNWRMRKLG,template_mutation_from_SEED-003
SEED-003_VAR_018,RRWQFRMKKLG,template_mutation_from_SEED-003
SEED-003_VAR_019,RRWQFRVKKLG,template_mutation_from_SEED-003
SEED-003_VAR_020,RRWQWHIKKLG,template_mutation_from_SEED-003
SEED-003_VAR_021,RRWQWHMKHLG,template_mutation_from_SEED-003
SEED-003_VAR_022,RRWQWHMKKLG,template_mutation_from_SEED-003
SEED-003_VAR_023,RRWQWKIKKLG,template_mutation_from_SEED-003
SEED-003_VAR_024,RRWQWKMKKLG,template_mutation_from_SEED-003
SEED-003_VAR_025,RRWQWRAKKLG,template_mutation_from_SEED-003
SEED-003_VAR_026,RRWQWRFKKLG,template_mutation_from_SEED-003
SEED-003_VAR_027,RRWQWRFKRLG,template_mutation_from_SEED-003
SEED-003_VAR_028,RRWQWRIKKLG,template_mutation_from_SEED-003
SEED-003_VAR_029,RRWQWRLKKLG,template_mutation_from_SEED-003
SEED-003_VAR_030,RRWQWRMHKLG,template_mutation_from_SEED-003
SEED-003_VAR_031,RRWQWRMHKLP,template_mutation_from_SEED-003
SEED-003_VAR_032,RRWQWRMKHIG,template_mutation_from_SEED-003
SEED-003_VAR_033,RRWQWRMKHLG,template_mutation_from_SEED-003
SEED-003_VAR_034,RRWQWRMKKAG,template_mutation_from_SEED-003
SEED-003_VAR_035,RRWQWRMKKFG,template_mutation_from_SEED-003
SEED-003_VAR_036,RRWQWRMKKIG,template_mutation_from_SEED-003
SEED-003_VAR_037,RRWQWRMKKLP,template_mutation_from_SEED-003
SEED-003_VAR_038,RRWQWRMKKMG,template_mutation_from_SEED-003
SEED-003_VAR_039,RRWQWRMKKVG,template_mutation_from_SEED-003
SEED-003_VAR_040,RRWQWRMKRLG,template_mutation_from_SEED-003
SEED-003_VAR_041,RRWQWRMRKLG,template_mutation_from_SEED-003
SEED-003_VAR_042,RRWQWRMRKLP,template_mutation_from_SEED-003
SEED-003_VAR_043,RRWQWRMRKMG,template_mutation_from_SEED-003
SEED-003_VAR_044,RRWQWRVKKLG,template_mutation_from_SEED-003
SEED-003_VAR_045,RRWQYRIKKLG,template_mutation_from_SEED-003
SEED-003_VAR_046,RRWQYRMKKLG,template_mutation_from_SEED-003
SEED-003_VAR_047,RRWRWRMKKLG,template_mutation_from_SEED-003
SEED-003_VAR_048,RRWSWHMKKLG,template_mutation_from_SEED-003
SEED-003_VAR_049,RRWSWRMHKLG,template_mutation_from_SEED-003
SEED-003_VAR_050,RRWSWRMKKLG,template_mutation_from_SEED-003
SEED-003_VAR_051,RRWTWRMKKAG,template_mutation_from_SEED-003
SEED-003_VAR_052,RRWTWRMKKLG,template_mutation_from_SEED-003
SEED-003_VAR_053,RRYQWRMHKLG,template_mutation_from_SEED-003
SEED-003_VAR_054,RRYQWRMKKLG,template_mutation_from_SEED-003
SEED-004_VAR_001,ALPFIGRVLSGIL,template_mutation_from_SEED-004
SEED-004_VAR_002,ALPLIGRVLSGIL,template_mutation_from_SEED-004
SEED-004_VAR_003,FAPLIGRVLSGIL,template_mutation_from_SEED-004
SEED-004_VAR_004,FFPLIGRVLSGIL,template_mutation_from_SEED-004
SEED-004_VAR_005,FFPLIGRVLSGML,template_mutation_from_SEED-004
SEED-004_VAR_006,FIPFIGRVLSGIL,template_mutation_from_SEED-004
SEED-004_VAR_007,FIPLIGRFLSGIL,template_mutation_from_SEED-004
SEED-004_VAR_008,FIPLIGRVLSGIL,template_mutation_from_SEED-004
SEED-004_VAR_009,FLGLIGRMLSGIL,template_mutation_from_SEED-004
SEED-004_VAR_010,FLGLIGRVLSGIL,template_mutation_from_SEED-004
SEED-004_VAR_011,FLPAIGRVLNGIL,template_mutation_from_SEED-004
SEED-004_VAR_012,FLPAIGRVLSGIL,template_mutation_from_SEED-004
SEED-004_VAR_013,FLPFIGRVLQGIL,template_mutation_from_SEED-004
SEED-004_VAR_014,FLPFIGRVLSGIL,template_mutation_from_SEED-004
SEED-004_VAR_015,FLPFIGRVLSGLL,template_mutation_from_SEED-004
SEED-004_VAR_016,FLPIIGRFLSGIL,template_mutation_from_SEED-004
SEED-004_VAR_017,FLPIIGRVLSGIL,template_mutation_from_SEED-004
SEED-004_VAR_018,FLPIIGRVMSGIL,template_mutation_from_SEED-004
SEED-004_VAR_019,FLPLAGRVLSGIL,template_mutation_from_SEED-004
SEED-004_VAR_020,FLPLFGRVLSGIL,template_mutation_from_SEED-004
SEED-004_VAR_021,FLPLIGHVISGIL,template_mutation_from_SEED-004
SEED-004_VAR_022,FLPLIGHVLSGIL,template_mutation_from_SEED-004
SEED-004_VAR_023,FLPLIGKVLSGIL,template_mutation_from_SEED-004
SEED-004_VAR_024,FLPLIGRALSGIL,template_mutation_from_SEED-004
SEED-004_VAR_025,FLPLIGRFLSGIL,template_mutation_from_SEED-004
SEED-004_VAR_026,FLPLIGRILSGIL,template_mutation_from_SEED-004
SEED-004_VAR_027,FLPLIGRILSGVL,template_mutation_from_SEED-004
SEED-004_VAR_028,FLPLIGRLLSGIL,template_mutation_from_SEED-004
SEED-004_VAR_029,FLPLIGRMLSGIL,template_mutation_from_SEED-004
SEED-004_VAR_030,FLPLIGRVASGIL,template_mutation_from_SEED-004
SEED-004_VAR_031,FLPLIGRVFSGIL,template_mutation_from_SEED-004
SEED-004_VAR_032,FLPLIGRVISGIL,template_mutation_from_SEED-004
SEED-004_VAR_033,FLPLIGRVISGVL,template_mutation_from_SEED-004
SEED-004_VAR_034,FLPLIGRVLNGIL,template_mutation_from_SEED-004
SEED-004_VAR_035,FLPLIGRVLQGIL,template_mutation_from_SEED-004
SEED-004_VAR_036,FLPLIGRVLRGIL,template_mutation_from_SEED-004
SEED-004_VAR_037,FLPLIGRVLSGAL,template_mutation_from_SEED-004
SEED-004_VAR_038,FLPLIGRVLSGFL,template_mutation_from_SEED-004
SEED-004_VAR_039,FLPLIGRVLSGIA,template_mutation_from_SEED-004
SEED-004_VAR_040,FLPLIGRVLSGIF,template_mutation_from_SEED-004
SEED-004_VAR_041,FLPLIGRVLSGII,template_mutation_from_SEED-004
SEED-004_VAR_042,FLPLIGRVLSGIM,template_mutation_from_SEED-004
SEED-004_VAR_043,FLPLIGRVLSGIV,template_mutation_from_SEED-004
SEED-004_VAR_044,FLPLIGRVLSGLL,template_mutation_from_SEED-004
SEED-004_VAR_045,FLPLIGRVLSGML,template_mutation_from_SEED-004
SEED-004_VAR_046,FLPLIGRVLSGVL,template_mutation_from_SEED-004
SEED-004_VAR_047,FLPLIGRVLSGVM,template_mutation_from_SEED-004
SEED-004_VAR_048,FLPLIGRVLSPFL,template_mutation_from_SEED-004
SEED-004_VAR_049,FLPLIGRVLSPIL,template_mutation_from_SEED-004
SEED-004_VAR_050,FLPLIGRVLSPLL,template_mutation_from_SEED-004
SEED-004_VAR_051,FLPLIGRVLTGIL,template_mutation_from_SEED-004
SEED-004_VAR_052,FLPLIGRVMSGIL,template_mutation_from_SEED-004
SEED-004_VAR_053,FLPLIGRVVSGIL,template_mutation_from_SEED-004
SEED-004_VAR_054,FLPLIPKVLSGIL,template_mutation_from_SEED-004
SEED-004_VAR_055,FLPLIPRVLSGFL,template_mutation_from_SEED-004
SEED-004_VAR_056,FLPLIPRVLSGIL,template_mutation_from_SEED-004
SEED-004_VAR_057,FLPLLGRVLSGIL,template_mutation_from_SEED-004
SEED-004_VAR_058,FLPLLGRVVSGIL,template_mutation_from_SEED-004
SEED-004_VAR_059,FLPLMGRVLSGIL,template_mutation_from_SEED-004
SEED-004_VAR_060,FLPLVGKVLSGIL,template_mutation_from_SEED-004
SEED-004_VAR_061,FLPLVGRVLSGIL,template_mutation_from_SEED-004
SEED-004_VAR_062,FLPMIGRVLSGIL,template_mutation_from_SEED-004
SEED-004_VAR_063,FLPMIGRVLSGLL,template_mutation_from_SEED-004
SEED-004_VAR_064,FLPMIPRVLSGIL,template_mutation_from_SEED-004
SEED-004_VAR_065,FLPVIGRVLSGIL,template_mutation_from_SEED-004
SEED-004_VAR_066,FMPLIGRVLSGIL,template_mutation_from_SEED-004
SEED-004_VAR_067,FVPLIGRVLSGIL,template_mutation_from_SEED-004
SEED-004_VAR_068,FVPLIPRVLSGIL,template_mutation_from_SEED-004
SEED-004_VAR_069,ILPLIGRVLSGIL,template_mutation_from_SEED-004
SEED-004_VAR_070,LLPLIGRVLSGIL,template_mutation_from_SEED-004
SEED-004_VAR_071,MLGLIGRVLSGIL,template_mutation_from_SEED-004
SEED-004_VAR_072,MLPLIGKVLSGIL,template_mutation_from_SEED-004
SEED-004_VAR_073,MLPLIGRVLSGIL,template_mutation_from_SEED-004
SEED-004_VAR_074,VLPLIGRVLSGIL,template_mutation_from_SEED-004
SEED-005_VAR_001,HRLFKKIGSALKFL,template_mutation_from_SEED-005
SEED-005_VAR_002,HRLIKKIGSALKFL,template_mutation_from_SEED-005
SEED-005_VAR_003,KHLFKHIGSALKFL,template_mutation_from_SEED-005
SEED-005_VAR_004,KHLFKKIGSALKFL,template_mutation_from_SEED-005
SEED-005_VAR_005,KHLFKKIGSALRFL,template_mutation_from_SEED-005
SEED-005_VAR_006,KKLFKKIGSALKFL,template_mutation_from_SEED-005
SEED-005_VAR_007,KKLIKKIGSALKFL,template_mutation_from_SEED-005
SEED-005_VAR_008,KRAFKKIGSALKFL,template_mutation_from_SEED-005
SEED-005_VAR_009,KRFFKKIGSALKFA,template_mutation_from_SEED-005
SEED-005_VAR_010,KRFFKKIGSALKFL,template_mutation_from_SEED-005
SEED-005_VAR_011,KRFFKKIPSALKFL,template_mutation_from_SEED-005
SEED-005_VAR_012,KRIFKKIGSALKFL,template_mutation_from_SEED-005
SEED-005_VAR_013,KRLAKHIGSALKFL,template_mutation_from_SEED-005
SEED-005_VAR_014,KRLAKKIGSALKFL,template_mutation_from_SEED-005
SEED-005_VAR_015,KRLFHKIGSALKFL,template_mutation_from_SEED-005
SEED-005_VAR_016,KRLFKHIGSALKFL,template_mutation_from_SEED-005
SEED-005_VAR_017,KRLFKHIPSALKFL,template_mutation_from_SEED-005
SEED-005_VAR_018,KRLFKHLGSALKFL,template_mutation_from_SEED-005
SEED-005_VAR_019,KRLFKKAGSALKFL,template_mutation_from_SEED-005
SEED-005_VAR_020,KRLFKKFGSALKFL,template_mutation_from_SEED-005
SEED-005_VAR_021,KRLFKKIGNALKFL,template_mutation_from_SEED-005
SEED-005_VAR_022,KRLFKKIGQALKFL,template_mutation_from_SEED-005
SEED-005_VAR_023,KRLFKKIGRALKFL,template_mutation_from_SEED-005
SEED-005_VAR_024,KRLFKKIGSAAKFL,template_mutation_from_SEED-005
SEED-005_VAR_025,KRLFKKIGSAFKFL,template_mutation_from_SEED-005
SEED-005_VAR_026,KRLFKKIGSAIKFL,template_mutation_from_SEED-005
SEED-005_VAR_027,KRLFKKIGSALHFL,template_mutation_from_SEED-005
SEED-005_VAR_028,KRLFKKIGSALHFV,template_mutation_from_SEED-005
SEED-005_VAR_029,KRLFKKIGSALKAL,template_mutation_from_SEED-005
SEED-005_VAR_030,KRLFKKIGSALKFA,template_mutation_from_SEED-005
SEED-005_VAR_031,KRLFKKIGSALKFF,template_mutation_from_SEED-005
SEED-005_VAR_032,KRLFKKIGSALKFI,template_mutation_from_SEED-005
SEED-005_VAR_033,KRLFKKIGSALKFM,template_mutation_from_SEED-005
SEED-005_VAR_034,KRLFKKIGSALKFV,template_mutation_from_SEED-005
SEED-005_VAR_035,KRLFKKIGSALKIL,template_mutation_from_SEED-005
SEED-005_VAR_036,KRLFKKIGSALKLL,template_mutation_from_SEED-005
SEED-005_VAR_037,KRLFKKIGSALKML,template_mutation_from_SEED-005
SEED-005_VAR_038,KRLFKKIGSALKVL,template_mutation_from_SEED-005
SEED-005_VAR_039,KRLFKKIGSALRFL,template_mutation_from_SEED-005
SEED-005_VAR_040,KRLFKKIGSAMKFL,template_mutation_from_SEED-005
SEED-005_VAR_041,KRLFKKIGSAVKFL,template_mutation_from_SEED-005
SEED-005_VAR_042,KRLFKKIGSFLKFL,template_mutation_from_SEED-005
SEED-005_VAR_043,KRLFKKIGSILKFL,template_mutation_from_SEED-005
SEED-005_VAR_044,KRLFKKIGSLLKFL,template_mutation_from_SEED-005
SEED-005_VAR_045,KRLFKKIGSMLKFL,template_mutation_from_SEED-005
SEED-005_VAR_046,KRLFKKIGSVLKFL,template_mutation_from_SEED-005
SEED-005_VAR_047,KRLFKKIGSVLKML,template_mutation_from_SEED-005
SEED-005_VAR_048,KRLFKKIGTALKFL,template_mutation_from_SEED-005
SEED-005_VAR_049,KRLFKKIPSALKFF,template_mutation_from_SEED-005
SEED-005_VAR_050,KRLFKKIPSALKFL,template_mutation_from_SEED-005
SEED-005_VAR_051,KRLFKKIPSALRFL,template_mutation_from_SEED-005
SEED-005_VAR_052,KRLFKKIPTALKFL,template_mutation_from_SEED-005
SEED-005_VAR_053,KRLFKKLGSALKFL,template_mutation_from_SEED-005
SEED-005_VAR_054,KRLFKKLGSLLKFL,template_mutation_from_SEED-005
SEED-005_VAR_055,KRLFKKMGSALKFL,template_mutation_from_SEED-005
SEED-005_VAR_056,KRLFKKVGNALKFL,template_mutation_from_SEED-005
SEED-005_VAR_057,KRLFKKVGSALKFL,template_mutation_from_SEED-005
SEED-005_VAR_058,KRLFKKVGSALRFL,template_mutation_from_SEED-005
SEED-005_VAR_059,KRLFKRIGSALKFL,template_mutation_from_SEED-005
SEED-005_VAR_060,KRLFKRIGSALKML,template_mutation_from_SEED-005
SEED-005_VAR_061,KRLFKRLGSALKFL,template_mutation_from_SEED-005
SEED-005_VAR_062,KRLFRKIGSALKFL,template_mutation_from_SEED-005
SEED-005_VAR_063,KRLFRKIGSALKFV,template_mutation_from_SEED-005
SEED-005_VAR_064,KRLFRKIGTALKFL,template_mutation_from_SEED-005
SEED-005_VAR_065,KRLIKKIGSALKFL,template_mutation_from_SEED-005
SEED-005_VAR_066,KRLIKKIGSMLKFL,template_mutation_from_SEED-005
SEED-005_VAR_067,KRLLKKIGSALKFL,template_mutation_from_SEED-005
SEED-005_VAR_068,KRLMKKIGSAIKFL,template_mutation_from_SEED-005
SEED-005_VAR_069,KRLMKKIGSALKFA,template_mutation_from_SEED-005
SEED-005_VAR_070,KRLMKKIGSALKFL,template_mutation_from_SEED-005
SEED-005_VAR_071,KRLMKKIGSALRFL,template_mutation_from_SEED-005
SEED-005_VAR_072,KRLVKKIGSALKFL,template_mutation_from_SEED-005
SEED-005_VAR_073,KRMFKKIGSALKFL,template_mutation_from_SEED-005
SEED-005_VAR_074,KRVFKKIGSALKFL,template_mutation_from_SEED-005
SEED-005_VAR_075,RRLFKKIGSALKFL,template_mutation_from_SEED-005
SEED-006_VAR_001,ANWKGIAAMAKKLL,template_mutation_from_SEED-006
SEED-006_VAR_002,FNWKGIAAMAKHLL,template_mutation_from_SEED-006
SEED-006_VAR_003,FNWKGIAAMAKKLL,template_mutation_from_SEED-006
SEED-006_VAR_004,INFKGIAAMAKKLL,template_mutation_from_SEED-006
SEED-006_VAR_005,INFKGIALMAKKLL,template_mutation_from_SEED-006
SEED-006_VAR_006,INWHGIAAMAKKLL,template_mutation_from_SEED-006
SEED-006_VAR_007,INWHGVAAMAKKLL,template_mutation_from_SEED-006
SEED-006_VAR_008,INWKGAAAMAKKLL,template_mutation_from_SEED-006
SEED-006_VAR_009,INWKGFAAMAKKIL,template_mutation_from_SEED-006
SEED-006_VAR_010,INWKGFAAMAKKLL,template_mutation_from_SEED-006
SEED-006_VAR_011,INWKGFAAMMKKLL,template_mutation_from_SEED-006
SEED-006_VAR_012,INWKGIAAAAKKLL,template_mutation_from_SEED-006
SEED-006_VAR_013,INWKGIAAFAKKLL,template_mutation_from_SEED-006
SEED-006_VAR_014,INWKGIAAIAKKLL,template_mutation_from_SEED-006
SEED-006_VAR_015,INWKGIAALAKKLL,template_mutation_from_SEED-006
SEED-006_VAR_016,INWKGIAAMAHKLL,template_mutation_from_SEED-006
SEED-006_VAR_017,INWKGIAAMAKHLL,template_mutation_from_SEED-006
SEED-006_VAR_018,INWKGIAAMAKHLV,template_mutation_from_SEED-006
SEED-006_VAR_019,INWKGIAAMAKKAL,template_mutation_from_SEED-006
SEED-006_VAR_020,INWKGIAAMAKKFL,template_mutation_from_SEED-006
SEED-006_VAR_021,INWKGIAAMAKKIL,template_mutation_from_SEED-006
SEED-006_VAR_022,INWKGIAAMAKKLA,template_mutation_from_SEED-006
SEED-006_VAR_023,INWKGIAAMAKKLF,template_mutation_from_SEED-006
SEED-006_VAR_024,INWKGIAAMAKKLI,template_mutation_from_SEED-006
SEED-006_VAR_025,INWKGIAAMAKKLM,template_mutation_from_SEED-006
SEED-006_VAR_026,INWKGIAAMAKKLV,template_mutation_from_SEED-006
SEED-006_VAR_027,INWKGIAAMAKKML,template_mutation_from_SEED-006
SEED-006_VAR_028,INWKGIAAMAKKVL,template_mutation_from_SEED-006
SEED-006_VAR_029,INWKGIAAMAKRLL,template_mutation_from_SEED-006
SEED-006_VAR_030,INWKGIAAMARKLL,template_mutation_from_SEED-006
SEED-006_VAR_031,INWKGIAAMFKKLL,template_mutation_from_SEED-006
SEED-006_VAR_032,INWKGIAAMIKKLL,template_mutation_from_SEED-006
SEED-006_VAR_033,INWKGIAAMLKKLL,template_mutation_from_SEED-006
SEED-006_VAR_034,INWKGIAAMMKKLL,template_mutation_from_SEED-006
SEED-006_VAR_035,INWKGIAAMVKKLL,template_mutation_from_SEED-006
SEED-006_VAR_036,INWKGIAAMVKKML,template_mutation_from_SEED-006
SEED-006_VAR_037,INWKGIAAVAKKLL,template_mutation_from_SEED-006
SEED-006_VAR_038,INWKGIAFMAKKLL,template_mutation_from_SEED-006
SEED-006_VAR_039,INWKGIAIMAKKLF,template_mutation_from_SEED-006
SEED-006_VAR_040,INWKGIAIMAKKLL,template_mutation_from_SEED-006
SEED-006_VAR_041,INWKGIAIMLKKLL,template_mutation_from_SEED-006
SEED-006_VAR_042,INWKGIALMAKKLL,template_mutation_from_SEED-006
SEED-006_VAR_043,INWKGIAMMAKKLL,template_mutation_from_SEED-006
SEED-006_VAR_044,INWKGIAVMAKKLL,template_mutation_from_SEED-006
SEED-006_VAR_045,INWKGIFAMAKKLL,template_mutation_from_SEED-006
SEED-006_VAR_046,INWKGIIAMAKKLL,template_mutation_from_SEED-006
SEED-006_VAR_047,INWKGILAMAKKLL,template_mutation_from_SEED-006
SEED-006_VAR_048,INWKGILAMLKKLL,template_mutation_from_SEED-006
SEED-006_VAR_049,INWKGIMAMAKKLL,template_mutation_from_SEED-006
SEED-006_VAR_050,INWKGIVAFAKKLL,template_mutation_from_SEED-006
SEED-006_VAR_051,INWKGIVAMAKKLL,template_mutation_from_SEED-006
SEED-006_VAR_052,INWKGLAAMAKKLL,template_mutation_from_SEED-006
SEED-006_VAR_053,INWKGLAAMAKKML,template_mutation_from_SEED-006
SEED-006_VAR_054,INWKGMAAMAKKLL,template_mutation_from_SEED-006
SEED-006_VAR_055,INWKGMAAMAKKML,template_mutation_from_SEED-006
SEED-006_VAR_056,INWKGVAAMAKKLL,template_mutation_from_SEED-006
SEED-006_VAR_057,INWKPIAAMAKKLL,template_mutation_from_SEED-006
SEED-006_VAR_058,INWKPIAAMAKKLV,template_mutation_from_SEED-006
SEED-006_VAR_059,INWKPIAAVAKKLL,template_mutation_from_SEED-006
SEED-006_VAR_060,INWRGIAALAKKLL,template_mutation_from_SEED-006
SEED-006_VAR_061,INWRGIAAMAKKFL,template_mutation_from_SEED-006
SEED-006_VAR_062,INWRGIAAMAKKLA,template_mutation_from_SEED-006
SEED-006_VAR_063,INWRGIAAMAKKLL,template_mutation_from_SEED-006
SEED-006_VAR_064,INWRGIAAMAKRLL,template_mutation_from_SEED-006
SEED-006_VAR_065,INYKGFAAMAKKLL,template_mutation_from_SEED-006
SEED-006_VAR_066,INYKGIAAMAKKLL,template_mutation_from_SEED-006
SEED-006_VAR_067,INYKGIAVMAKKLL,template_mutation_from_SEED-006
SEED-006_VAR_068,IQWKGIAAMAKKLA,template_mutation_from_SEED-006
SEED-006_VAR_069,IQWKGIAAMAKKLL,template_mutation_from_SEED-006
SEED-006_VAR_070,IQWKGIAAMAKRLL,template_mutation_from_SEED-006
SEED-006_VAR_071,IRWKGIAAMAKKLL,template_mutation_from_SEED-006
SEED-006_VAR_072,ISWKGIAAMAKKLL,template_mutation_from_SEED-006
SEED-006_VAR_073,ITWKGIAAMAKHLL,template_mutation_from_SEED-006
SEED-006_VAR_074,ITWKGIAAMAKKLL,template_mutation_from_SEED-006
SEED-006_VAR_075,ITWKGVAAMAKKLL,template_mutation_from_SEED-006
SEED-006_VAR_076,LNWKGIAAMAKKLL,template_mutation_from_SEED-006
SEED-006_VAR_077,MNWKGIAAMAKKLL,template_mutation_from_SEED-006
SEED-006_VAR_078,VNWKGIAAMAKKLL,template_mutation_from_SEED-006
SEED-007_VAR_001,AKITTMLKKLG,template_mutation_from_SEED-007
SEED-007_VAR_002,FKISTMLKKLG,template_mutation_from_SEED-007
SEED-007_VAR_003,FKITTMLKKLG,template_mutation_from_SEED-007
SEED-007_VAR_004,IHFTTMLKKLG,template_mutation_from_SEED-007
SEED-007_VAR_005,IHITTMLKKLG,template_mutation_from_SEED-007
SEED-007_VAR_006,IKATTMLKKLG,template_mutation_from_SEED-007
SEED-007_VAR_007,IKFTTMLKKLG,template_mutation_from_SEED-007
SEED-007_VAR_008,IKFTTMLKKLP,template_mutation_from_SEED-007
SEED-007_VAR_009,IKFTTMLRKLG,template_mutation_from_SEED-007
SEED-007_VAR_010,IKINTMLKKLG,template_mutation_from_SEED-007
SEED-007_VAR_011,IKINTMLKKMG,template_mutation_from_SEED-007
SEED-007_VAR_012,IKINTMLRKLG,template_mutation_from_SEED-007
SEED-007_VAR_013,IKIQTMLHKLG,template_mutation_from_SEED-007
SEED-007_VAR_014,IKIQTMLKKLG,template_mutation_from_SEED-007
SEED-007_VAR_015,IKIQTVLKKLG,template_mutation_from_SEED-007
SEED-007_VAR_016,IKIRTMLKKLG,template_mutation_from_SEED-007
SEED-007_VAR_017,IKISTMLKKAG,template_mutation_from_SEED-007
SEED-007_VAR_018,IKISTMLKKLG,template_mutation_from_SEED-007
SEED-007_VAR_019,IKITKMLKKLG,template_mutation_from_SEED-007
SEED-007_VAR_020,IKITNMLKKLG,template_mutation_from_SEED-007
SEED-007_VAR_021,IKITNMVKKLG,template_mutation_from_SEED-007
SEED-007_VAR_022,IKITQMLKKLG,template_mutation_from_SEED-007
SEED-007_VAR_023,IKITSMLKKLG,template_mutation_from_SEED-007
SEED-007_VAR_024,IKITTALKKLG,template_mutation_from_SEED-007
SEED-007_VAR_025,IKITTFIKKLG,template_mutation_from_SEED-007
SEED-007_VAR_026,IKITTFLKHLG,template_mutation_from_SEED-007
SEED-007_VAR_027,IKITTFLKKLG,template_mutation_from_SEED-007
SEED-007_VAR_028,IKITTILKKLG,template_mutation_from_SEED-007
SEED-007_VAR_029,IKITTLIKKLG,template_mutation_from_SEED-007
SEED-007_VAR_030,IKITTLLKKIG,template_mutation_from_SEED-007
SEED-007_VAR_031,IKITTLLKKLG,template_mutation_from_SEED-007
SEED-007_VAR_032,IKITTMAKKLG,template_mutation_from_SEED-007
SEED-007_VAR_033,IKITTMAKKVG,template_mutation_from_SEED-007
SEED-007_VAR_034,IKITTMFKKLG,template_mutation_from_SEED-007
SEED-007_VAR_035,IKITTMIKKLG,template_mutation_from_SEED-007
SEED-007_VAR_036,IKITTMLHKLG,template_mutation_from_SEED-007
SEED-007_VAR_037,IKITTMLHKLP,template_mutation_from_SEED-007
SEED-007_VAR_038,IKITTMLKHIG,template_mutation_from_SEED-007
SEED-007_VAR_039,IKITTMLKHLG,template_mutation_from_SEED-007
SEED-007_VAR_040,IKITTMLKKAG,template_mutation_from_SEED-007
SEED-007_VAR_041,IKITTMLKKFG,template_mutation_from_SEED-007
SEED-007_VAR_042,IKITTMLKKIG,template_mutation_from_SEED-007
SEED-007_VAR_043,IKITTMLKKLP,template_mutation_from_SEED-007
SEED-007_VAR_044,IKITTMLKKMG,template_mutation_from_SEED-007
SEED-007_VAR_045,IKITTMLKKVG,template_mutation_from_SEED-007
SEED-007_VAR_046,IKITTMLKRLG,template_mutation_from_SEED-007
SEED-007_VAR_047,IKITTMLRKLG,template_mutation_from_SEED-007
SEED-007_VAR_048,IKITTMLRKLP,template_mutation_from_SEED-007
SEED-007_VAR_049,IKITTMLRKMG,template_mutation_from_SEED-007
SEED-007_VAR_050,IKITTMMKKLG,template_mutation_from_SEED-007
SEED-007_VAR_051,IKITTMVKKLG,template_mutation_from_SEED-007
SEED-007_VAR_052,IKITTVLKKLG,template_mutation_from_SEED-007
SEED-007_VAR_053,IKITTVLKKLP,template_mutation_from_SEED-007
SEED-007_VAR_054,IKLTTMLKKLG,template_mutation_from_SEED-007
SEED-007_VAR_055,IKMTTMLKKLG,template_mutation_from_SEED-007
SEED-007_VAR_056,IKMTTMLKKLP,template_mutation_from_SEED-007
SEED-007_VAR_057,IKVTTMLKKLG,template_mutation_from_SEED-007
SEED-007_VAR_058,IRINTMLKKLG,template_mutation_from_SEED-007
SEED-007_VAR_059,IRITTMLHKLG,template_mutation_from_SEED-007
SEED-007_VAR_060,IRITTMLKKLG,template_mutation_from_SEED-007
SEED-007_VAR_061,LKITTMLKKLG,template_mutation_from_SEED-007
SEED-007_VAR_062,MKITTMIKKLG,template_mutation_from_SEED-007
SEED-007_VAR_063,MKITTMLKKLG,template_mutation_from_SEED-007
SEED-007_VAR_064,VKITQMLKKLG,template_mutation_from_SEED-007
SEED-007_VAR_065,VKITTMLKKLG,template_mutation_from_SEED-007
SEED-008_VAR_001,APVTWRWWKWWKG,template_mutation_from_SEED-008
SEED-008_VAR_002,FGFTWRWWKWWKG,template_mutation_from_SEED-008
SEED-008_VAR_003,FGVNWRWWKWWKG,template_mutation_from_SEED-008
SEED-008_VAR_004,FGVTWRWFKWWKG,template_mutation_from_SEED-008
SEED-008_VAR_005,FGVTWRWWKWWKG,template_mutation_from_SEED-008
SEED-008_VAR_006,FPATWRWWKWWKG,template_mutation_from_SEED-008
SEED-008_VAR_007,FPFTWRWWKWWKG,template_mutation_from_SEED-008
SEED-008_VAR_008,FPFTWRWYKWWKG,template_mutation_from_SEED-008
SEED-008_VAR_009,FPITWRWFKWWKG,template_mutation_from_SEED-008
SEED-008_VAR_010,FPITWRWWKWWKG,template_mutation_from_SEED-008
SEED-008_VAR_011,FPLTWRWWKWWKG,template_mutation_from_SEED-008
SEED-008_VAR_012,FPMTWRWWKWWKG,template_mutation_from_SEED-008
SEED-008_VAR_013,FPVNWRWWKWWKG,template_mutation_from_SEED-008
SEED-008_VAR_014,FPVNWRWWKYWKG,template_mutation_from_SEED-008
SEED-008_VAR_015,FPVQWRWWKWWKG,template_mutation_from_SEED-008
SEED-008_VAR_016,FPVQWRWWKWWRG,template_mutation_from_SEED-008
SEED-008_VAR_017,FPVRWRWWKWWKG,template_mutation_from_SEED-008
SEED-008_VAR_018,FPVSWRWWKFWKG,template_mutation_from_SEED-008
SEED-008_VAR_019,FPVSWRWWKWWKG,template_mutation_from_SEED-008
SEED-008_VAR_020,FPVTFRWWKWWKG,template_mutation_from_SEED-008
SEED-008_VAR_021,FPVTWHWFKWWKG,template_mutation_from_SEED-008
SEED-008_VAR_022,FPVTWHWWKWFKG,template_mutation_from_SEED-008
SEED-008_VAR_023,FPVTWHWWKWWKG,template_mutation_from_SEED-008
SEED-008_VAR_024,FPVTWHWYKWWKG,template_mutation_from_SEED-008
SEED-008_VAR_025,FPVTWHYWKWWKG,template_mutation_from_SEED-008
SEED-008_VAR_026,FPVTWKWWKWWKG,template_mutation_from_SEED-008
SEED-008_VAR_027,FPVTWKWWKWWKP,template_mutation_from_SEED-008
SEED-008_VAR_028,FPVTWKYWKWWKG,template_mutation_from_SEED-008
SEED-008_VAR_029,FPVTWRFWKWWKG,template_mutation_from_SEED-008
SEED-008_VAR_030,FPVTWRFWKWWRG,template_mutation_from_SEED-008
SEED-008_VAR_031,FPVTWRFWRWWKG,template_mutation_from_SEED-008
SEED-008_VAR_032,FPVTWRWFKWWKG,template_mutation_from_SEED-008
SEED-008_VAR_033,FPVTWRWFKWWRG,template_mutation_from_SEED-008
SEED-008_VAR_034,FPVTWRWWHWWKG,template_mutation_from_SEED-008
SEED-008_VAR_035,FPVTWRWWKFWKG,template_mutation_from_SEED-008
SEED-008_VAR_036,FPVTWRWWKWFHG,template_mutation_from_SEED-008
SEED-008_VAR_037,FPVTWRWWKWFKG,template_mutation_from_SEED-008
SEED-008_VAR_038,FPVTWRWWKWWHG,template_mutation_from_SEED-008
SEED-008_VAR_039,FPVTWRWWKWWHP,template_mutation_from_SEED-008
SEED-008_VAR_040,FPVTWRWWKWWKP,template_mutation_from_SEED-008
SEED-008_VAR_041,FPVTWRWWKWWRG,template_mutation_from_SEED-008
SEED-008_VAR_042,FPVTWRWWKWYKG,template_mutation_from_SEED-008
SEED-008_VAR_043,FPVTWRWWKWYRG,template_mutation_from_SEED-008
SEED-008_VAR_044,FPVTWRWWKYWKG,template_mutation_from_SEED-008
SEED-008_VAR_045,FPVTWRWWRWWHG,template_mutation_from_SEED-008
SEED-008_VAR_046,FPVTWRWWRWWKG,template_mutation_from_SEED-008
SEED-008_VAR_047,FPVTWRWYKWWKG,template_mutation_from_SEED-008
SEED-008_VAR_048,FPVTWRYWKWWKG,template_mutation_from_SEED-008
SEED-008_VAR_049,FPVTWRYWKYWKG,template_mutation_from_SEED-008
SEED-008_VAR_050,FPVTYRWWKWWKG,template_mutation_from_SEED-008
SEED-008_VAR_051,IPVSWRWWKWWKG,template_mutation_from_SEED-008
SEED-008_VAR_052,IPVTWRWWKWWKG,template_mutation_from_SEED-008
SEED-008_VAR_053,LPVTWRWWKWWKG,template_mutation_from_SEED-008
SEED-008_VAR_054,MPVTWRWWKWWKG,template_mutation_from_SEED-008
SEED-008_VAR_055,MPVTWRYWKWWKG,template_mutation_from_SEED-008
SEED-008_VAR_056,VPVTWRWWKWWKG,template_mutation_from_SEED-008
SEED-008_VAR_057,VPVTWRWWKWWKP,template_mutation_from_SEED-008
